{
    "fields": [	
    {
      "name": "file_id",
      "type": "integer",
      "nullable": false,
      "unique": true
    },
	{
      "name": "buyer_forename",
      "type": "faker.name.firstName",
      "nullable": false
    },
	{
      "name": "buyer_surname",
      "type": "faker.name.lastName",
      "nullable": false
    },
    {
      "name": "execution_time",
      "type": "datetime",
      "nullable": false
    },
    {
      "name": "nyse_stock",
      "type": "faker.stock.nyseSymbol",
      "nullable": false
    },	
	{
      "name": "isin",
      "type": "ISIN",
      "nullable": false
    },
    {
      "name": "units_bought",
      "type": "integer",
      "nullable": false
    },
    {
      "name": "unit_price",
      "type": "decimal",
      "nullable": false
    },
    {
      "name": "country_of_origin",
      "type": "faker.country.name",
      "nullable": false
    },
    {
      "name": "open_date",
      "type": "datetime",
      "nullable": false
    },
    {
      "name": "close_date",
      "type": "datetime",
      "nullable": true
    }
    ],
  "constraints": [
    {
      "field": "execution_time",
      "beforeOrAt": "2020-02-05T00:00:00.000"
    },
	{
      "field": "execution_time",
      "afterOrAt": "1990-01-01T00:00:00.000"
    },
	{
      "field": "file_id",
      "greaterThan": 0
    },
    {
      "field": "open_date",
      "afterOrAt": "1990-01-01T00:00:00.000"
    },
    {
      "field": "open_date",
      "beforeOrAt": "2025-01-01T00:00:00.000"
    },
    {
      "field": "close_date",
      "equalToField": "open_date",
      "offset": 3,
      "offsetUnit": "years"
    },
    {
      "field": "open_date",
      "granularTo": "days"
    },
    {
      "field": "close_date",
      "granularTo": "days"
    },
    {
      "field": "unit_price",
      "granularTo": 0.01
    },
    {
      "field": "unit_price",
      "greaterThan": 0
    },
    {
      "field": "unit_price",
      "lessThan": 1000
    },
    {
      "field": "units_bought",
      "greaterThanOrEqualTo": 0
    },
    {
      "field": "units_bought",
      "lessThan": 10000
    }
  ]
}