{
    "fields": [
    {
      "name": "OrderId",
      "type": "integer",
      "nullable": false
    },
	{
      "name": "CustomerId",
      "type": "integer",
      "nullable": false
    },
    {
      "name": "CreditCardNumber",
      "type": "faker.Business.creditCardNumber",
      "nullable": false
    },	
    {
      "name": "CardExpiry",
      "type": "string",
      "nullable": false
    },
    {
      "name": "CCV",
      "type": "string",
      "nullable": false
    },
    {
      "name": "OrderTotal",
      "type": "decimal",
      "nullable": false
    }
  ],
  "constraints": [
    {
      "field": "OrderId",
      "greaterThan": 1000
    },
	{
      "field": "OrderId",
      "lessThan": 999999
    },
    {
      "field": "CustomerId",
      "greaterThan": 1000
    }, 
	{
      "field": "CustomerId",
      "lessThan": 999999
    },
	{
      "field": "CardExpiry",
      "matchingRegex": "((0[1-9])|(1[0-2]))\/(19|20)([0-9][0-9])"
    },
	{
      "field": "CCV",
      "matchingRegex": "[0-9]{3}"
    },
    {
      "field": "OrderTotal",
      "granularTo": 0.01
    },
    {
      "field": "OrderTotal",
      "greaterThan": 0
    },
    {
      "field": "OrderTotal",
      "lessThan": 1000
    }	 
  ]
}